{"transactions":[{"transactionId":"P0001","amount":"1999.99","currency":"PHP","description":"Test transaction","email":"test@mailcatch.com","status":"Void"},{"transactionId":"PIN002","amount":"299.99","currency":"PHP","description":"Test transaction","email":"test@mailcatch.com","status":"Pending"},{"transactionId":"0023","amount":"1999.99","currency":"PHP","description":"Test transaction","email":"test@mailcatch.com","status":"Success"},{"transactionId":"P1210331","amount":"199.55","currency":"PHP","description":"Website Domain","email":"pindet015@gmail.com"},{"transactionId":"JPTEST","amount":"100","currency":"PHP","description":" asdf","email":"jerielmari@gmail.com"},{"transactionId":"JPTEST","amount":"100","currency":"PHP","description":" asdf","email":"jerielmari@gmail.com"},{"transactionId":"001","amount":"100","currency":"PHP","description":" asdf","email":"jerielmari@gmail.com"},{"transactionId":"12345","amount":"99","currency":"PHP","description":" dad","email":"transaction@gmail.com"},{"transactionId":"12345","amount":"99.00","currency":"PHP","description":" dad","email":"transaction@gmail.com"},{"transactionId":"001","amount":"100","currency":"PHP","description":"asdf","email":"jerielmari@gmail.com"},{"transactionId":"001","amount":"100.00","currency":"PHP","description":"asdf","email":"jerielmari@gmail.com"},{"transactionId":"PC001","amount":"9000.00","currency":"PHP","description":"pindet test","email":"pindet015@gmail.com"},{"transactionId":"PC00001","amount":"192","currency":"PHP","description":" sakdjs","email":"alayssamaegabriel@yahoo.com"},{"transactionId":"PC00001","amount":"199","currency":"PHP","description":" dsad","email":"alayssagabriel"},{"transactionId":"PC00001","amount":"199","currency":"PHP","description":" dsad","email":"alayssagabriel"},{"transactionId":"PC00001","amount":"199.00","currency":"PHP","description":" dsad","email":"alayssagabriel"},{"transactionId":"1kdl","amount":"10","currency":"PHP","description":" sdad","email":""},{"transactionId":"1kdl","amount":"10.00","currency":"PHP","description":" sdad","email":""},{"transactionId":"pinder","amount":"10.00","currency":"PHP","description":" ","email":""},{"transactionId":"dssdsaad","amount":"11999.00","currency":"PHP","description":" ","email":""},{"transactionId":"987654","amount":"9.00","currency":"PHP","description":" testing lang paps","email":"lim@mailcatch.com","status":"Success","referenceNumber":"GWHV4MF5","message":"[000] BOG Reference No: 20160317125222 #GWHV4MF5 {3\/17\/16 12:52}"},{"transactionId":"SAMP001","amount":"100.00","currency":"PHP","description":" poop","email":"jpbgabriel.dragonpay@gmail.com"},{"transactionId":"PC00001","amount":"199.00","currency":"PHP","description":" dsad","email":"alayssagabriel"},{"transactionId":"PC000001","amount":"19.00","currency":"PHP","description":" poop","email":"pindet015@gmail.com"},{"transactionId":"SAMMPppCCC","amount":null,"currency":"PHP","description":" ","email":""},{"transactionId":"SAMP003","amount":"19.00","currency":"PHP","description":" Sample for callback","email":"jpbgabriel.dragonpay@gmail.com","status":"Success","referenceNumber":"P5GYWRV8","message":"[000] BOG Reference No: 20160317132016 #P5GYWRV8 {3\/17\/16 13:20}"},{"transactionId":"SAMP003","amount":"19.00","currency":"PHP","description":" Sample for callback","email":"jpbgabriel.dragonpay@gmail.com","status":"Success","referenceNumber":"P5GYWRV8","message":"[000] BOG Reference No: 20160317132016 #P5GYWRV8 {3\/17\/16 13:20}"},{"transactionId":"SAMP003","amount":"19.00","currency":"PHP","description":" Sample for callback","email":"jpbgabriel.dragonpay@gmail.com","status":"Success","referenceNumber":"P5GYWRV8","message":"[000] BOG Reference No: 20160317132016 #P5GYWRV8 {3\/17\/16 13:20}"},{"transactionId":"0002","amount":"19.00","currency":"PHP","description":" samp","email":"jpbgabriel.dragonpay@gmail.com"},{"transactionId":"SAMP666","amount":"200.00","currency":"PHP","description":" sample","email":"jpbgabriel.dragonpay@gmail.com","status":"Success","referenceNumber":"5JACE475","message":"[000] BOG Reference No: 20160317131927 #5JACE475 {3\/17\/16 13:19}"},{"transactionId":"SAMP003","amount":"19.00","currency":"PHP","description":" Sample for callback","email":"jpbgabriel.dragonpay@gmail.com","status":"Success","referenceNumber":"P5GYWRV8","message":"[000] BOG Reference No: 20160317132016 #P5GYWRV8 {3\/17\/16 13:20}"},{"transactionId":"TEST12345","amount":"9999999999.00","currency":"PHP","description":" test","email":"test@mailcatch.com","status":"Failure","referenceNumber":"Z7LHWJT8","message":"[107] BOG User cancelled the transaction #Z7LHWJT8"},{"transactionId":"SAMP999","amount":"99.00","currency":"PHP","description":" Sample","email":"jpbgabriel.dragonpay@gmail.com","status":"Failure","referenceNumber":"B3DFRA77","message":"[107] BOG User cancelled the transaction #B3DFRA77"},{"transactionId":"0002","amount":"19.00","currency":"PHP","description":" samp","email":"jpbgabriel.dragonpay@gmail.com"},{"transactionId":"12","amount":"12.00","currency":"PHP","description":" dasd","email":"jpgabriel.dragonpay@gmail.com","status":"Failure","referenceNumber":"DQQCMHD4","message":"[107] BOG User cancelled the transaction #DQQCMHD4"}]}